,0.0,7.0,30.0,90.0
Acetobacter sp. 46_36 & CAG:267,-0.738463948879528,-3.538964507765557,-1.507397818045423,-3.1149277870078085
Acidaminococcus intestini,-0.09211138455275485,0.47604703448973196,1.0394053144160535,0.6716679299883526
Acidaminococcus massiliensis,0.0,0.0,0.0,0.0
Acidiphilium sp. CAG:727,0.0,0.0,0.0,0.0
Acinetobacter sp. N54.MGS-139 / Proteobacteria bacterium CAG:139,-5.595542973222396,-1.8328957793434828,0.0,0.0
Actinomyces oris,0.0,0.0,0.0,0.0
Adlercreutzia equolifaciens,-1.9927165823828419,-1.6676684105878703,-1.6932613796421756,-1.608714981151444
Akkermansia muciniphila,1.0884034755911582,2.0463192686821037,2.049994867974563,0.11817660091196346
Akkermansia sp. CAG:344,-2.5178456897057946,0.08599647036190051,-0.34914403697409546,-3.9288570814575006
Alistipes finegoldii,-0.1728030644608057,-0.4745432729074458,-2.9876301830165337,0.047345899370118294
Alistipes ihumii,-1.2077582983092159,0.9021407571800488,0.5888979993851001,-0.5102273079676167
Alistipes indistinctus,-0.16620193899776617,-0.8278053895528273,-1.3342443966599347,0.8397123356744994
Alistipes inops == Tidjanibacter massiliensis,0.0,-1.2651580737426273,-1.7083616733215965,-0.6637710309839807
Alistipes obesi,-5.072437953301775,-1.3482489813411185,-2.143422549894928,-3.0283883689727142
Alistipes onderdonkii,1.2521809212616386,-1.502800153562754,-2.113408049239466,-0.6230000539278763
Alistipes putredinis,-3.2714267883940673,-0.672906371961972,-1.611260915910609,-0.551709693084196
Alistipes senegalensis,-3.181421113535747,-2.1961299760716395,-3.082072228646981,-1.639556008182316
Alistipes shahii,-4.754110212306588,-1.2279399539086677,-2.369616224345441,-2.1703300869237974
Alistipes sp. An31A,0.0,0.0,0.0,0.0
Alistipes sp. CAG:268,-3.401188590692628,-3.227587039677518,-6.287379697447439,-3.5109149818183703
Alistipes sp. CAG:435,0.0,-2.2696237036775844,-0.05935172843791613,-2.7619031551949456
Alistipes sp. CAG:514,0.0,0.0,0.0,0.0
Alistipes timonensis,0.0,0.0,0.0,0.0
Allisonella histaminiformans,-2.382960216828943,0.263655538533615,-0.06888020788094143,-2.0340110683985815
Anaerococcus obesiensis == vaginalis,0.0,0.0,0.0,0.0
Anaerofilum sp. An201,0.0,0.0,0.0,0.0
Anaerofustis stercorihominis,0.0,0.0,0.0,0.0
Anaeroglobus geminatus,0.0,0.0,0.0,0.0
Anaeromassilibacillus sp. An172,0.0,0.0,0.0,0.0
Anaeromassilibacillus sp. An250,1.5079494026450777,2.235893153704231,1.3733996718833534,1.6243942442915218
Anaeromassilibacillus sp. Marseille-P3371 & Clostridia bacterium UC5.1-1E11,0.0,-1.4621830998571954,0.8683481790272931,0.0
Anaerostipes caccae,0.0,0.0,0.0,0.0
Anaerostipes hadrus 1,0.8979163323859822,-0.3154347660937444,1.0627602033709922,0.4061770749947357
Anaerostipes hadrus 2,0.0,-0.6749433170615284,-0.8587955690995114,-1.0709244342435014
Anaerotignum lactatifermentans,0.0,0.0,0.0,0.0
Anaerotruncus colihominis,2.9320047125936304,0.9959583298209056,-1.3290382192170775,-1.577055255713632
Anaerotruncus sp. CAG:528,0.0,0.0,0.0,0.0
Atopobium parvulum,0.0,0.0,0.0,0.0
Atopobium parvulum 2,0.0,0.0,0.0,0.0
Azospirillum sp. 51_20,1.7165788511349942,2.8785379284021673,-1.0509877042475286,-0.07588164451896671
Azospirillum sp. CAG:239,2.659677503100266,2.3619687417663977,0.0,-0.2792705869111902
Bacteroidales bacterium 55_9,0.0,-0.025647629135766507,0.0,0.0
Bacteroidales bacterium H8 & H9 & Prevotella sp. CAG:279,-9.889534795487393,-1.1622081151520351,-5.570045734916761,-2.9044446317031807
Bacteroides caccae,0.9473115953320158,0.8807744980183726,-0.054817072225879004,0.5113331611910679
Bacteroides cellulosilyticus,-0.05696672413581982,-2.7835018192825367,-3.047538834117545,-2.798958819491562
Bacteroides clarus,-3.0015528541518743,0.3744673854346138,0.7620015393835762,-1.4311598634469216
Bacteroides congonensis,0.0,0.0,0.0,0.0
Bacteroides coprocola,0.0,0.0,0.0,0.0
Bacteroides coprophilus,0.0,-3.370074521794327,-1.7550445449514005,-2.439536998311093
Bacteroides dorei,-0.28864621721132916,-0.9633091878283604,-3.3337324858947155,-2.2939024379935606
Bacteroides eggerthii,-0.3027082577742755,0.24377374447476058,-1.4183362413941913,-0.06421408826142233
Bacteroides faecis,1.9673720772007315,0.9388741633698569,0.6853327669786294,0.5889998616391702
Bacteroides finegoldii,1.7039932241499838,2.185514368734958,-1.6684775896734667,0.8925654512481578
Bacteroides fragilis 1,6.625258383912087,6.176430079737446,2.745530910282239,3.393052729304802
Bacteroides fragilis 2,0.0,0.0,0.0,0.0
Bacteroides massiliensis,-6.515586490349603,1.2495239734740724,-0.3902693380384526,1.6153384304220126
Bacteroides nordii,-0.5531713999607876,0.6687866671706731,-2.692464502996264,-1.1059541410030105
Bacteroides ovatus,2.4655595245044144,-0.2814775495222155,-0.8188645415880034,-0.8585280399240536
Bacteroides plebeius,0.0,0.0,0.0,0.0
Bacteroides salyersiae,2.4211311026411746,1.6209312869780659,-0.5548052332246006,0.43047059877821053
Bacteroides sp. An19 & An51A & An269 & An279 & CAG:702,0.0,0.0,0.0,0.0
Bacteroides sp. CAG:144,-1.596849573314166,-1.231552828878406,-5.669781337490193,-5.428132287740164
Bacteroides sp. CAG:709,0.0,0.0,0.0,0.0
Bacteroides sp. CAG:770,0.0,0.0,0.0,0.0
Bacteroides sp. Marseille-P3108 & CAG:633,0.0,0.0,0.0,0.0
Bacteroides sp. Marseille-P3166 & CAG:598,0.0,0.0,0.0,0.0
Bacteroides stercorirosoris,0.0,0.0,0.0,0.0
Bacteroides stercoris,1.8731471368251023,-1.3208410014113239,-2.1218685291017607,-2.1367337493329366
Bacteroides thetaiotaomicron,2.6668833581852174,1.2352101530671051,-0.003360096353369892,2.926159523175778
Bacteroides uniformis,0.015785464938271394,-1.1087288105977724,-0.8986507752073573,0.05586024337843609
Bacteroides vulgatus,-0.09844564761392317,0.2560883317505466,-0.6786171027454924,0.49571783218813603
Bacteroides xylanisolvens,-0.5484010950914746,0.04922204643959591,-1.1942777290022262,-1.4159703136936634
Barnesiella intestinihominis,-0.10842360906117188,0.299370185228701,-1.426857252816288,0.021473167207491633
Barnesiella sp. An22,0.0,-6.33489725565115,0.0,-5.851443139513856
Bifidobacterium adolescentis,0.2590563629773477,1.3926985869775705,1.643817196514123,-0.5131514636347003
Bifidobacterium angulatum,0.0,0.0,0.0,0.0
Bifidobacterium animalis,5.143650919488952,1.863318176843013,3.7602475601238945,4.121930428982208
Bifidobacterium bifidum,3.9893805405845066,3.739364827287291,3.3844373300784394,2.566523982279701
Bifidobacterium breve,8.187117170667324,4.31788394621864,6.062832907955757,4.715692305207399
Bifidobacterium catenulatum,-2.161967738119131,0.474707993895597,0.789170925535895,1.0211579029729965
Bifidobacterium dentium,11.113832704814836,8.500918951330059,7.625854662523458,5.8710888227731495
Bifidobacterium longum,2.848838181249181,2.0953078032311665,2.085752490780771,1.8427805723307746
Bifidobacterium pseudocatenulatum,0.0,0.0,0.0,0.0
Bifidobacterium scardovii,0.0,0.0,0.0,0.0
Bilophila wadsworthia,1.2908044852064715,0.4442857369565179,-0.9654935407604917,0.6046329406077645
Blastocystis sp. subtype 4,0.0,0.0,0.0,0.0
Blautia hansenii,0.0,0.0,0.0,0.0
Blautia hydrogenotrophica,0.0,0.0,0.0,0.0
Blautia massiliensis,-0.23786633048682682,0.4904975561224744,0.10774093444900765,0.6218492526085619
Blautia obeum,-3.472849889679354,-0.36126504743759724,-0.9208174837947004,-0.9841444144639976
Blautia producta,0.0,0.0,0.0,0.0
Blautia producta 2,0.0,0.0,0.0,0.0
Blautia sp. 2789STDY5608796 & sp. 2789STDY5608848,-0.2575247494074493,-0.38729024606094115,-3.03957773319227,-2.163562865371488
Blautia sp. 2789STDY5834862,-1.120816362160459,-1.0798218577345338,-0.8516009923797212,-0.7691143183155358
Blautia sp. CAG:237,0.0,0.7521689307980112,0.6998360711176903,4.391763932161793
Blautia sp. CAG:257,7.921353884053623,4.051189592777532,1.8151418936461186,5.622669925661839
Blautia sp. CAG:52 & sp. 2789STDY5834917,-1.715535092151903,-0.45140566601055543,-0.5785321667687777,-0.5275743977729431
Blautia sp. Marseille-P3087 / Ruminococcus sp. 2789STDY5608882,-2.76490369317318,-0.9929081908033807,-0.5394210109157661,-0.37873665203710527
Blautia wexlerae,0.5457927270606497,-0.5303937013218125,0.1834150924064459,0.14458464353084666
Butyricicoccus pullicaecorum,0.0,0.0,0.0,0.0
Butyricicoccus sp. 2789STDY5834927 / Clostridia bacterium UC5.1-1D1,1.6000200469142392,1.6865060926970823,-0.1632888178131317,-1.0499128306869938
Butyricicoccus sp. N15.MGS-46 & N54.MGS-46 & K4410.MGS-46,-1.9430370220679076,-0.5710598234178381,-1.3184214427256358,-1.1036590528424153
Butyricimonas synergistica 2,1.046418688955856,0.004103728286495726,-0.27499947478092224,1.5032930165572194
Butyricimonas virosa,-1.6143423662962346,0.07838116579041358,-0.6244598868043509,-2.7211310631882957
Campylobacter concisus 2,0.0,0.0,0.0,0.0
Catabacter hongkongensis,0.0,0.0,0.0,0.0
Catenibacterium sp. CAG:290,0.0,0.0,0.0,0.0
Christensenella minuta,0.0,0.0,0.0,0.0
Christensenellaceae bacterium Phil1 & Clostridium sp. CAG:226,0.0,0.5395017668222027,1.5676722978684163,3.4697723309294384
Cloacibacillus evryensis,0.0,0.0,0.0,0.0
Cloacibacillus porcorum,0.0,1.4296201686969308,2.662953368077031,-1.2956598628005205
Clostridia bacterium UC5.1-1D10 / Clostridium sp. CAG:505 / Firmicutes bacterium CAG:466,0.0,0.0,0.0,0.0
Clostridia bacterium UC5.1-2E3,0.0,0.0,0.0,0.0
Clostridiales bacterium 1_7_47FAA  & VE202-28,0.0,0.0,0.0,0.0
Clostridiales bacterium 41_21_two_genomes,0.0,0.0,0.0,0.0
Clostridiales bacterium UBA643,0.0,0.0,0.0,0.0
Clostridium asparagiforme == lavalense,0.0,0.0,0.0,0.0
Clostridium bolteae,7.0277299743522175,-1.11631143332423,2.9185405398324162,7.039294032542192
Clostridium butyricum,0.0,0.0,0.0,0.0
Clostridium celatum,3.151474800871021,0.0,-0.8611964685943332,0.0
Clostridium citroniae,0.3966313686454132,-1.555634234973386,0.0,-0.29931755244175323
Clostridium clostridioforme 1,0.0,0.0,0.0,0.0
Clostridium clostridioforme 2,0.0,0.0,0.0,0.0
Clostridium disporicum,0.0,0.0,0.0,0.0
Clostridium glycyrrhizinilyticum,0.0,0.0,0.0,0.0
Clostridium hylemonae,0.0,0.0,0.0,0.0
Clostridium innocuum,8.757729117295462,3.0841955210091805,3.1878314544536552,8.169319925987534
Clostridium leptum,-1.077979323748846,1.0086168647874905,3.2432368447759443,-1.946421188914507
Clostridium neonatale,0.0,0.0,0.0,0.0
Clostridium paraputrificum,0.0,0.0,0.0,0.0
Clostridium perfringens,0.0,0.0,0.0,0.0
Clostridium phoceensis,-0.5868985477524703,-0.6867600893163757,-1.9488441497785058,-1.5350198698639341
Clostridium saccharolyticum 2,0.0,0.0,0.0,0.0
Clostridium saudiense,0.0,0.0,0.0,0.0
Clostridium scindens 1,0.0,0.0,0.0,0.0
Clostridium scindens 2,0.0,0.0,0.0,0.0
Clostridium sp. 26_22,0.0,0.0,0.0,-1.6993669202785326
Clostridium sp. 2789STDY5608793,-2.041219933481399,-1.2863400623624952,0.0,-2.43309908000479
Clostridium sp. 2789STDY5608831,-4.167507093723033,-0.7298218361807846,-1.9319955582697148,-1.479935038277511
Clostridium sp. 2789STDY5608884,0.0,-2.987591863907822,-1.4781413213475947,0.4151933433361109
Clostridium sp. 2789STDY5834874 & sp. 2789STDY5608885,1.4194235494357574,0.19626908770166904,-0.74303378564808,-0.03464731323268484
Clostridium sp. 2789STDY5834920,0.0,0.0,-0.9938090159669476,0.0
Clostridium sp. 2789STDY5834924,-3.4790945578457504,-0.7970832401538686,-3.3916330519962066,-1.5353704329061255
Clostridium sp. 27_14,0.0,0.0,0.0,0.0
Clostridium sp. 28_12 & CAG:356,0.0,-4.130300827944385,-3.815607656800995,-5.013571433524538
Clostridium sp. 28_17 & CAG:470,-3.820784424952712,-3.513501372967252,-1.2323414840951854,-2.956473952008114
Clostridium sp. 29_15 & CAG:265,-0.8053893055710135,-0.6572059327454898,-1.0134395350574052,1.2706340600985178
Clostridium sp. 42_12 & CAG:75,-6.447944006974416,-1.7918162974940985,-2.235645793004558,-2.3603243750920555
Clostridium sp. 44_14 & CAG:277,0.0,0.0,0.0,0.0
Clostridium sp. AT4,0.0,0.0,0.0,0.0
Clostridium sp. CAG:1000,0.0,0.0,0.0,0.0
Clostridium sp. CAG:127,0.0,-3.994553478769929,0.0,-2.7158841160604674
Clostridium sp. CAG:138,-1.6028715689463924,-0.15757096890342925,-2.5183604305854956,-3.2115984742962556
Clostridium sp. CAG:167,0.0,0.0,0.0,0.0
Clostridium sp. CAG:169,-2.608521206409696,-0.4770922619652494,-1.17743926030804,-1.7907806226165686
Clostridium sp. CAG:217,-1.9244371552585633,0.07373923115859723,-0.4129159574796123,-0.33158250472779566
Clostridium sp. CAG:221,-4.713619805924395,-0.9793103271036356,-3.2357442106623986,0.9200504974785078
Clostridium sp. CAG:230,-2.3457716096682963,-3.0152737609305493,-0.2429454432275096,-4.2929425923085
Clostridium sp. CAG:245,-2.5804583134841788,-0.9539918503402723,-2.157435322941398,1.3206343506689424
Clostridium sp. CAG:253,0.0,0.0,0.0,0.0
Clostridium sp. CAG:269,-1.0898680025442316,0.4585284638628789,-1.9080647956525123,-1.7155352473464907
Clostridium sp. CAG:273,0.0,-0.6505469082146443,-0.29524440978666233,0.0
Clostridium sp. CAG:288,0.0,-6.436142829653134,-0.3274323253949684,-4.761683621976507
Clostridium sp. CAG:299,0.0,0.0,0.0,0.0
Clostridium sp. CAG:302,0.0,0.0,0.0,-1.0253267661552297
Clostridium sp. CAG:343,0.0,0.0,0.0,0.0
Clostridium sp. CAG:352 / Ruminicoccus sp. 2789STDY5834969 & sp. 2789STDY5608859,-1.1132293634796395,-1.5317450851252463,-1.356893407463298,-0.5805888446806514
Clostridium sp. CAG:354_28_25,1.7137907237688872,0.9012158719064343,1.4026328384746465,-0.9480021396925089
Clostridium sp. CAG:389,3.3991110020497595,0.0,0.0,0.0
Clostridium sp. CAG:411,0.0,0.0,0.0,0.0
Clostridium sp. CAG:43,-1.3648551882179663,-0.5378106977937299,-0.8003515606935507,-0.520520548018555
Clostridium sp. CAG:433,0.0,0.0,0.0,0.0
Clostridium sp. CAG:440,0.0,0.0,0.0,-2.2822157940627723
Clostridium sp. CAG:451,0.0,0.0,-1.2078102625708564,-1.5321047167906463
Clostridium sp. CAG:465,0.0,0.0,0.0,0.0
Clostridium sp. CAG:508,0.0,0.0,0.0,0.0
Clostridium sp. CAG:524,0.0,0.0,3.1590343316575487,0.5711018327576618
Clostridium sp. CAG:568,0.0,0.0,0.0,0.0
Clostridium sp. CAG:575,-0.7670745590514696,0.0,0.0,-2.8561204855542064
Clostridium sp. CAG:58,-0.791946386450421,0.5718798013424237,-1.046223664231641,-1.1467334181583695
Clostridium sp. CAG:62,-2.828828139087386,-1.454229920411305,-0.3716860264470903,-1.161772016541776
Clostridium sp. CAG:628,6.016198458459823,0.0,5.332393512470581,3.2313383338392683
Clostridium sp. CAG:7,-0.5148507470291916,0.3390686154536496,0.10592107618185874,2.1632724149520213
Clostridium sp. CAG:798,0.0,0.0,0.0,0.0
Clostridium sp. CAG:91 & sp. 2789STDY5834873,-1.0312607435093926,-2.9860649315993055,-3.271556624048214,-3.3794694803698495
Clostridium sp. CAG:914,0.0,0.0,0.0,0.0
Clostridium sp. CL-2,0.0,0.0,0.0,0.0
Clostridium sp. KLE 1755 & Clostridiales bacterium VE202-27,5.7794299472460855,0.9362574582569081,1.8885867784592514,0.0
Clostridium sp. L2-50,0.0,0.0,0.0,0.0
Clostridium sp. Marseille-P2538,0.0,0.0,0.0,0.0
Clostridium spiroforme,1.8055993865661346,0.9249218476987201,1.302788755842722,0.43516064313607516
Clostridium symbiosum,4.690379413880522,1.9274573593394317,3.39074970820935,5.71695583085045
Colibacter massiliensis,0.0,0.0,0.0,0.0
Collinsella aerofaciens,-0.458081476444807,0.8242341706642762,0.4897120712471852,0.3073054213746117
Collinsella bouchesdurhonensis,1.1882235622637056,1.3197919897008166,2.323297889809114,0.35329317729199766
Collinsella intestinalis,0.0,0.0,0.0,0.0
Collinsella tanakaei,7.72748076457352,1.1722870826768987,2.806184479706117,5.6385907984749055
Comamonas kerstersii,0.0,0.0,0.0,0.0
Coprobacillus cateniformis,0.0,0.0,0.0,0.0
Coprobacillus sp. 8_1_38FAA / Clostridium sp. 2789STDY5608874,-0.31477731145920557,1.5618203016914876,2.2887770272167685,2.6076938498799493
Coprobacter fastidiosus,-0.4897007420359701,0.0,-2.571729075738207,-2.122650556432516
Coprobacter secundus == Gabonia massiliensis,1.6366760907658522,2.1107517466553856,0.4080317034558652,0.0
Coprococcus catus,0.1846089845343546,-0.6855722854756524,-0.8658353822311791,-0.4634952466710099
Coprococcus comes,0.027068895387252396,0.4956431137359171,0.0730095239210965,0.4121515529340341
Coprococcus eutactus 1,0.0,-10.317497461643043,-3.9042890277485727,-2.1254575012681727
Coprococcus eutactus 2,0.0,-5.326541048598954,-7.773335149304739,-2.6688871785252872
Coprococcus sp. 2789STDY5608819 / Clostridium sp. CAG:264,-9.80380615462055,-1.9967397346699007,-3.6469157603496756,-3.1363369221071187
Coprococcus sp. HPP0074 & HPP0048 / Lachnospiraceae bacterium 9_1_43BFAA & 6_1_37FAA,0.0,0.0,0.0,0.0
Cryptobacterium sp. CAG:338,0.0,0.0,0.0,0.0
Dakarella massiliensis,0.0,-4.904171084675354,-5.31311256153742,0.0
Desulfovibrio fairfieldensis,0.0,-1.2216387854291544,0.0,0.0
Desulfovibrio piger,0.0,0.0,0.0,0.0
Desulfovibrio sp. 92-2,0.0,0.0,0.0,0.0
Desulfovibrio sp. An276,0.0,0.0,0.0,0.0
Dialister invisus,-1.043932297936936,1.0985784643899101,0.20370463640637707,0.4978634688690184
Dialister sp. CAG:357,0.0,-4.167517455018487,-5.316261009902362,-5.299140201170568
Dialister sp. CAG:486,6.0912093614516145,7.86178494282146,8.315541748775981,8.72315234086382
Dialister succinatiphilus,0.0,0.0,0.0,0.0
Dielma fastidiosa,0.0,0.0,0.0,0.0
Dorea formicigenerans,0.2972093953371318,0.4117245451993312,0.7744074570049146,0.9428944169694629
Dorea longicatena 1,0.657377659009314,0.11492989193174856,-0.29698114981736945,-0.0703009149126925
Dorea longicatena 2,-2.6004672331774374,-0.05646297042814464,-0.6069235513552201,-0.2822205108514444
Dorea sp. CAG:105,1.4957074245126973,2.13279600364728,2.066578574640254,1.7169380689679745
Dorea sp. CAG:317,-1.7345246759083988,-0.8030209996909827,3.1697738484302085,-2.6986415632143386
Drancourtella sp. An12 & An57,0.0,0.0,0.0,0.0
Duodenibacillus massiliensis,0.0,0.0,0.0,0.0
Eggerthella lenta,4.313915399642821,3.3415692794462637,2.6550207915501294,3.834352283667946
Eggerthella sp. 51_9 & CAG:209,0.0,0.0,0.0,0.0
Eggerthella sp. CAG:298,0.0,-3.2983796962466037,-2.2454927802988123,-4.136441335915852
Eggerthella sp. CAG:368,-2.990944049266937,-2.4535522418156175,-1.3016487459535584,-1.5446027352481049
Eisenbergiella tayi,5.268937854168892,0.7638188330217446,0.745858960519662,-0.49868425242484404
Enorma massiliensis,0.0,0.0,0.0,0.0
Enterobacter cloacae complex 'Hoffmann cluster IV',0.0,0.0,0.0,0.0
Enterobacter kobei,0.0,0.0,0.0,0.0
Enterobacter ludwigii,0.0,0.0,0.0,0.0
Enterobacter xiangfangensis,0.0,0.0,0.0,0.0
Enterococcus avium,0.0,0.0,0.0,0.0
Enterococcus faecalis,0.0,0.0,0.0,0.0
Enterococcus faecium,0.0,0.0,0.0,0.0
Enterococcus gallinarum,0.0,0.0,0.0,0.0
Erysipelatoclostridium ramosum,0.0,0.0,0.0,0.0
Erysipelotrichaceae bacterium 3_1_53,0.0,0.0,0.0,0.0
Erysipelotrichaceae bacterium 5_2_54FAA / Eubacterium sp. 3_1_31,0.0,0.0,0.0,0.0
Escherichia coli,5.15691368274033,5.982632172171066,5.846421907904147,5.809168824491503
Eubacteriaceae bacterium CHKCI004 & Eubacterium sp. An3,0.0,0.0,0.0,0.0
Eubacterium dolichum,0.0,0.0,0.0,0.0
Eubacterium eligens,0.8135215328453471,-0.7938465915562352,-2.3072679108024645,-0.3187880167518467
Eubacterium hallii,-0.9949869468741772,-0.7586322273978114,-0.374108008199362,-0.6182632523209763
Eubacterium ramulus,0.311039747627019,0.4864025245710611,0.10868898123213204,1.4870750487626303
Eubacterium rectale,-2.8155976992689222,-0.8729677825329165,0.0648529062174314,-0.14111810422758597
Eubacterium siraeum,-1.128912793480463,-0.10501290902378908,-2.9761182144061875,-3.3071306081563017
Eubacterium sp. 36_13 & CAG:86,0.0,-1.5830317126146225,-2.0688197433900744,-2.4448456159060807
Eubacterium sp. 38_16 & CAG:146,0.5672550281987019,0.8760760346820552,1.2992172349617976,0.5105847962979746
Eubacterium sp. CAG:115,-3.5871885987157985,-3.288718227665328,-5.8970146386287565,-1.2521605468924653
Eubacterium sp. CAG:156,-1.6773198859423029,-3.0703201581888173,-2.703992709171247,-1.3448317224774298
Eubacterium sp. CAG:161,-2.9733602027828465,0.0,0.9576252549437709,1.2560249583434056
Eubacterium sp. CAG:180,-0.2402898984077132,0.2946920059481119,0.8024374927282145,-0.3510049706867727
Eubacterium sp. CAG:192,1.998699597415804,0.0,1.43598553974938,-0.15936421648447827
Eubacterium sp. CAG:248,0.0,0.0,0.0,0.0
Eubacterium sp. CAG:251 / Clostridium sp. A254.MGS-251,-7.40079542742666,-1.260309128156722,0.0,0.3844257928167811
Eubacterium sp. CAG:252,0.0,-1.9628288701644823,-4.750307215934659,-3.400297223365817
Eubacterium sp. CAG:274,0.0,0.0,0.0,0.0
Eubacterium sp. CAG:38,-2.899113594657934,-2.5913254875972784,-2.611931988682125,-1.9900990831718177
Eubacterium sp. CAG:603 & sp.  2789STDY5608818,0.0,0.0,0.0,0.0
Eubacterium ventriosum,-2.4209236014797777,-0.2684965497808814,-0.995487111134312,0.22581914956748556
Faecalibacterium prausnitzii 1 (A2-165),-2.0779445201479128,-0.16477631603032455,0.08667465039752309,0.1432096972988242
Faecalibacterium prausnitzii 2,-1.2858196075244195,-0.09083578620988726,-0.5974916670896142,0.5743988586101892
Faecalibacterium prausnitzii 3 ( L2-6),-1.008590215842123,-1.0402404465982544,-0.7593297492653235,-0.453728160816679
Faecalibacterium prausnitzii 4 (cf. KLE1255),-1.8125604052018016,-0.7340362507118395,-1.686923872375679,-1.4669968485411793
Faecalibacterium prausnitzii 5,-11.287205240359427,-3.7774744040589665,-3.9826321493803647,-3.1571015070241915
Faecalibacterium prausnitzii 6,-1.7755109686526707,-0.7177678190966603,-2.044413641715096,-2.1263534134968287
Faecalibacterium prausnitzii 7,-3.042687932178435,-1.4373694319804244,-0.564333537110954,-1.2219018661961747
Faecalibacterium sp. CAG:74,-4.859152983631525,-2.242402509167368,-1.3877521026582138,-2.315099682415405
Faecalibacterium sp. CAG:82,-8.095790851875915,-1.2627220099248653,-2.7201640515880636,0.6782989404385881
Faecalicatena contorta,0.0,0.0,0.0,0.0
Faecalicatena fissicatena,0.0,0.0,0.0,0.0
Faecalicoccus pleomorphus,0.07261437329976698,0.8350617022262253,1.6763209607144776,-1.7636693844526075
Faecalitalea cylindroides,1.0461087852949924,2.429780809510763,1.539801280673869,2.338837947333314
Faecalitalea sp. UBA637,1.8532104854477522,0.23277774130033113,1.4523182874865093,1.5704189514250386
Firmicutes bacterium CAG:102,0.10371879810303207,0.7638783099257899,-2.23549113170742,1.1071521349564053
Firmicutes bacterium CAG:103,-5.850887445997848,-0.8184442820045222,-1.4616789068237332,-2.625122680483549
Firmicutes bacterium CAG:110,-0.9451540285459121,-0.5404521537160184,-1.9158343252851961,-2.2892183632629934
Firmicutes bacterium CAG:114,0.35326540961627256,0.3680976347231963,0.42930428776322094,0.08648656182152188
Firmicutes bacterium CAG:124,-2.9095376878973727,-0.3322782756967557,-1.3887083971244494,-0.6707726744315334
Firmicutes bacterium CAG:129,-2.127740677667386,-1.8245417976725355,-4.995731014554509,-2.756110333567032
Firmicutes bacterium CAG:145,-3.323291330599338,0.7769282504617158,0.8884475994451749,-2.5712533355831146
Firmicutes bacterium CAG:170,0.0,0.0,0.0,0.0
Firmicutes bacterium CAG:176,-1.4207615324436418,-1.3672376422776398,-2.0503244228508124,-1.5317028841521891
Firmicutes bacterium CAG:176_63_11,-4.308515675267473,-3.11292912538445,-3.125907329020587,-1.6889927999620002
Firmicutes bacterium CAG:194,0.0,-3.5788796376372067,0.0,-0.5666020114114301
Firmicutes bacterium CAG:212 / Clostridium sp. 2789STDY5834871,0.2688988979799277,-0.308401606998501,-1.6279112874542017,2.137601074869128
Firmicutes bacterium CAG:227,1.4865276270920653,1.1266882321723484,1.9372425000382503,1.5808941962533354
Firmicutes bacterium CAG:238,0.0,0.0,0.0,0.0
Firmicutes bacterium CAG:24 / Clostridium sp. 2789STDY5834869 & 2789STDY5834922,0.17780849062472961,-1.5929420903305103,-0.4016123455545749,-0.3281377136376685
Firmicutes bacterium CAG:240,0.0,-3.5875662665893504,-3.9851200532493762,0.07267235645590486
Firmicutes bacterium CAG:272,0.0,-4.650749164622857,0.0,0.0
Firmicutes bacterium CAG:313,0.0,0.0,0.0,0.0
Firmicutes bacterium CAG:321,0.0,-0.12886996828833966,2.156700879856864,0.8546084813734651
Firmicutes bacterium CAG:341,0.0,0.0,0.0,0.0
Firmicutes bacterium CAG:345,0.0,0.0,0.0,0.0
Firmicutes bacterium CAG:41 / Clostridium sp. 2789STDY5834935 & sp. 2789STDY5608853,-0.4361832500667851,-0.50772543210906,-0.7464430151734932,-0.7615683505998359
Firmicutes bacterium CAG:424,0.0,0.0,0.0,0.0
Firmicutes bacterium CAG:475,0.0,0.0,0.0,0.0
Firmicutes bacterium CAG:65 / Clostridium sp. 2789STDY5608883,5.5929997055344876,1.7392688994777807,3.293331078335492,6.533451229553086
Firmicutes bacterium CAG:83,0.8553485874520689,0.5771261433417143,0.47023135144232486,0.5488707044161646
Firmicutes bacterium CAG:94,2.466830308681899,-0.5086755231116282,0.003583028604921439,-0.8573333782961623
Firmicutes bacterium CAG:95,0.0,0.5471002784725729,0.0,1.253568858667918
Flavonifractor plautii,3.944369467887802,0.5233829345200446,3.3559028312673096,2.8245869426235135
Flavonifractor sp. 2789STDY5834895 & sp. 2789STDY5834937 /  Clostridium sp. 2789STDY5608878,-1.4786655711302483,-0.5069568224848893,-1.9463464185699448,-1.7406247613632386
Flavonifractor sp. 2789STDY5834931,0.0,0.0,0.0,0.0
Flavonifractor sp. An10,0.0,0.0,0.0,0.0
Fusicatenibacter saccharivorans,-1.138532389816142,-0.41675245064889865,-0.54640102137929,-0.3768636832808883
Fusobacterium mortiferum,0.0,0.0,0.0,0.0
Fusobacterium nucleatum subsp. animalis,0.0,0.0,0.0,0.0
Fusobacterium nucleatum subsp. polymorphum,0.0,0.0,0.0,0.0
Fusobacterium sp. CAG:439,0.0,0.0,0.0,0.0
Gemella sanguinis,0.0,0.0,0.0,0.0
Gemmiger formicilis,-1.3862996870301967,-1.3546868183455796,-0.6657671155541588,-1.0008789461111716
Gordonibacter urolithinfaciens,2.4216845547905566,0.9910544443075777,1.2050593676777812,1.9025083885761196
Granulicatella adiacens,0.0,0.0,0.0,0.0
Haemophilus parainfluenzae,1.2410006651664176,-1.3135715452085563,0.2500602661148433,-1.4566069838405986
Holdemanella biformis,0.0,0.0,0.0,0.0
Holdemania filiformis,4.102095969460094,0.9724630757062437,0.08258389304715871,0.04445145172293889
Holdemania massiliensis,1.1143944235570398,1.9043570257766165,1.383421416803964,0.28864054602713973
Hungatella hathewayi 1,0.0,0.0,0.0,0.0
Hungatella hathewayi 2,4.539941460248296,2.524903522971235,1.634954877757222,3.869365614579606
Intestinibacter bartlettii,2.3100408901429947,-0.5315089266454261,1.271569386546974,0.8416761709334569
Intestinimonas butyriciproducens,0.8233109238906297,-1.6088861058584678,-3.0795799514050164,0.0
Intestinimonas massiliensis,0.0,0.0,0.0,0.0
Klebsiella michiganensis 1,0.0,0.0,0.0,0.0
Klebsiella michiganensis 2,0.0,0.0,0.0,0.0
Klebsiella oxytoca,0.0,0.0,0.0,0.0
Klebsiella pneumoniae,0.0,0.0,0.0,0.0
Klebsiella quasipneumoniae,0.0,0.0,0.0,0.0
Klebsiella variicola,0.0,0.0,0.0,0.0
Lachnoanaerobaculum saburreum,0.0,0.0,0.0,0.0
Lachnoclostridium sp. An118,0.0,0.0,0.0,0.0
Lachnospira sp. 2789STDY5834967 / Clostridiales bacterium KLE1615 & 41_12_two_minus,-2.2292083024946234,-1.7304229031228724,-1.6010947461930276,-0.8385025172209152
Lachnospiraceae bacterium TF01-11 / Clostridium sp. CAG:122,0.0,-5.132267952532731,-3.88283136993638,-5.131504999781072
Lactobacillus acidophilus,-0.038296684604701724,0.021384544529046725,2.735041845330838,-5.279580853675257
Lactobacillus casei == paracasei,0.0,0.0,0.0,0.0
Lactobacillus crispatus,0.0,0.0,0.0,0.0
Lactobacillus delbrueckii,0.0,0.0,0.0,0.0
Lactobacillus fermentum,0.0,0.0,0.0,0.0
Lactobacillus gasseri 1,0.0,0.0,0.0,0.0
Lactobacillus gasseri 2,0.0,0.0,0.0,0.0
Lactobacillus johnsonii,0.0,0.0,0.0,0.0
Lactobacillus mucosae,8.23777270158107,9.13345227470982,10.232505257554331,6.930989317857051
Lactobacillus oris,0.0,0.0,0.0,0.0
Lactobacillus reuteri,0.0,0.0,0.0,0.0
Lactobacillus rogosae,-1.0634389803941184,-1.5040238991545476,-2.2501408170895214,1.0378870868542989
Lactobacillus ruminis,0.0,0.0,0.0,0.0
Lactobacillus salivarius,0.0,0.0,0.0,0.0
Lactobacillus vaginalis,0.0,0.0,0.0,0.0
Lactococcus lactis subsp. cremoris,0.0,0.0,0.0,0.0
Lactococcus lactis subsp. lactis,0.0,-3.6528779740811443,0.0,-2.9998957911444806
Leuconostoc mesenteroides,0.0,0.0,0.0,0.0
Massiliomicrobiota sp. An80 & An105 & An134 & An142,0.0,0.0,0.0,0.0
Massiliomicrobiota timonensis,5.336049954704249,-0.18555628820252135,-1.3190234589177405,0.0
Mediterranea massiliensis ,0.0,0.0,0.0,0.0
Megamonas funiformis == rupellensis,0.0,0.0,0.0,0.0
Megasphaera elsdenii,0.0,0.0,0.0,0.0
Megasphaera micronuciformis,0.0,0.0,0.0,0.0
Megasphaera sp. ASD88 & An286,0.0,0.0,0.0,0.0
Merdimonas faecis,0.0,0.0,0.0,0.0
Methanobrevibacter smithii 1,0.0,0.17244381166356065,2.076541697964037,0.014269626083498762
Methanobrevibacter smithii 2,1.4812675310848966,0.06035951228453416,2.240588420263221,2.076587494387591
Methanosphaera stadtmanae,0.0,2.0986210093128785,3.2865580958292524,2.5056147633075327
Mitsuokella jalaludinii,0.0,-4.002991853706854,0.0,0.0
Morganella morganii,0.0,0.0,0.0,0.0
Negativibacillus massiliensis,0.0,0.0,0.0,0.0
Neglecta timonensis,0.0,0.0,0.0,0.0
Odoribacter laneus,0.0,0.0,0.0,2.0587814027306246
Odoribacter splanchnicus,-1.3423937947844216,-0.5345512558511549,-1.6830620150738376,-1.0714733195210433
Olsenella sp. Marseille-P2300,0.0,0.0,0.0,0.0
Oscillibacter sp. 57_20,-4.091912310264672,-1.718476104599295,-3.2802572202757823,-1.6956596229667118
Oscillibacter sp. CAG:155,0.0,0.0,0.0,0.0
Oscillibacter sp. CAG:241,3.1591314329848266,2.537171988594337,-0.21650557222916889,0.602338978405144
Oscillibacter sp. ER4 / Firmicutes bacterium CAG:129_59_24,-2.497032740836967,-1.47959269908023,-2.3084791595714944,-1.1330460594406027
Oscillibacter sp. KLE 1728 & KLE 1745 / Oscillospiraceae VE202-24,-0.358408451850652,-0.49451259055129504,-1.6455056821858467,-2.002034281174639
Parabacteroides distasonis,0.2787695798034639,0.3024864767467225,-1.1526419300936432,-0.9208820951929052
Parabacteroides goldsteinii,0.0,0.3540690976515601,1.2353703193279675,-1.6288322026717734
Parabacteroides johnsonii,0.0,-0.681275220423757,0.21969279340964115,-0.5030874186358609
Parabacteroides merdae,0.3129827946731667,0.8107790951448973,-0.2299375151051338,-0.7001900631109309
Paraprevotella clara,0.6962251585334551,-0.7094031508382151,-0.5493330336180252,-0.3973342611306765
Parasutterella excrementihominis,-1.2091010923198764,-0.3222635834664652,-1.753895722600724,-1.5880123118864269
Parvimonas micra,0.0,0.0,0.0,0.0
Peptoniphilus lacrimalis,0.0,0.0,0.0,0.0
Peptoniphilus senegalensis,0.0,0.0,0.0,0.0
Peptostreptococcus stomatis,0.0,0.0,0.0,0.0
Phascolarctobacterium sp. CAG:207,1.1716035102015614,-0.09774311443618358,1.040164414268215,0.16131886195997464
Phascolarctobacterium sp. CAG:266,0.0,0.0,0.0,0.0
Phascolarctobacterium succinatutens,-3.6925041298679613,-0.4339010481591157,-1.2168042312217946,-1.6539303080074306
Phocea massiliensis,0.7489844849383281,2.066404380052025,0.20731989809564735,2.9006095237023355
Prevotella copri 1,-4.027000709280288,0.5792941179671488,-0.37518371051305877,0.018917933118208517
Prevotella copri 2,0.0,0.0,0.0,0.0
Prevotella denticola,0.0,0.0,0.0,0.0
Prevotella sp. 885,0.0,0.0,0.0,0.0
Prevotella sp. CAG:1092,0.0,0.0,0.0,0.0
Prevotella sp. CAG:1320,0.0,0.0,0.0,0.0
Prevotella sp. CAG:386,0.0,0.0,0.0,0.0
Prevotella sp. CAG:604,0.0,0.0,0.0,0.0
Prevotella sp. CAG:732,0.0,0.0,0.0,0.0
Prevotella sp. CAG:924,0.0,0.0,0.0,0.0
Prevotella sp. KHD1 & AG:487_50_53 & CAG:487,0.0,0.0,0.0,0.0
Prevotella sp. P4-51 & PA-67 & P5-64 & P5-108 & CAG:474,0.0,0.0,0.0,0.0
Prevotella stercorea,0.0,0.0,0.0,0.0
Prevotellamassilia timonensis,0.0,0.0,0.0,0.0
Proteus mirabilis,0.0,0.0,0.0,0.0
Pseudoflavonifractor capillosus,0.0,0.0,0.0,0.0
Pseudoflavonifractor sp. An184,-1.565078055812826,-0.9932705359312144,-0.29773531181091606,-3.757474837406035
Raoultella ornithinolytica,0.0,0.0,0.0,0.0
Rhodospirillum sp. UNK.MGS-17 / Azospirillum sp. 47_25 & CAG:260,0.0,0.0,0.0,-3.2182068706028324
Romboutsia timonensis,-0.9695988600018409,-1.5054148184655143,-0.8782100753487253,-1.4265718117296946
Roseburia faecis,-2.5221622939368133,-2.9205205042140405,-1.5799099376014454,-1.5427892013058806
Roseburia hominis,-2.4134594104644798,-1.9469812552068382,-2.2152343923895863,-2.2899712591195276
Roseburia intestinalis,1.3160224270503824,0.5963518862369732,1.2358910190143566,3.057170227217391
Roseburia inulinivorans,0.8412566933653864,0.8983518045758616,0.7695083631531908,1.0225526568930092
Roseburia sp. CAG:100,-2.3485217102320064,-5.085202054693366,0.7435067053454808,0.36474874128851975
Roseburia sp. CAG:182,-5.119449284272913,-3.229469909070114,-2.322401314847411,-2.781519186231903
Roseburia sp. CAG:197,0.6670891579089963,0.750995738755742,-0.180791072131497,-2.375166293869115
Roseburia sp. CAG:303,0.0,0.0,0.0,0.0
Roseburia sp. CAG:380,0.0,0.0,0.0,0.0
Roseburia sp. CAG:45 & sp. 2789STDY5608886,-3.9830355198353553,-3.064586686276383,-7.4859426204061315,0.9034558737807871
Roseburia sp. CAG:471,0.0,0.0,0.0,0.0
Ruminococcaceae bacterium D16,-4.2997508858618945,-1.4296954042460466,-2.1277392472757386,-2.1587902596907695
Ruminococcaceae bacterium D5,0.0,0.0,0.0,0.0
Ruminococcus bicirculans,1.4131246240910962,1.6383231955286004,1.2482801446860976,1.0463287242973889
Ruminococcus bromii 2,-3.555397992714376,-0.3877248821291343,-0.44852688414251013,-0.3877133509347675
Ruminococcus callidus,-2.4749781362213357,-1.8818674288002648,-1.7721003683567864,-0.989480657127299
Ruminococcus faecis,0.04378501799758678,-0.1169793882166968,0.0005576612173365501,0.6451510806522396
Ruminococcus gnavus,8.63955939372849,2.7481022143195792,5.611512505237672,8.76964096089869
Ruminococcus lactaris,0.1379585520126608,-0.5235954238146202,0.7033560744298508,-0.8094748476775819
Ruminococcus sp. 2789STDY5608794 & sp. 2789STDY5834890 / Firmicutes bacterium CAG:56,-4.328778202979898,-0.7595198195905022,-1.3662307803078229,-0.19458931760838571
Ruminococcus sp. 2789STDY5608817 / Eubacterium sp. 2789STDY5834872,-0.9297528194687582,0.18272498144866586,0.5057943757510822,0.6540415340256968
Ruminococcus sp. 37_24 & sp. 2789STDY5834934,-1.9538435233353333,-0.5041987776430438,-2.9369243944284427,-1.1231131267543937
Ruminococcus sp. A254.MGS-254 & CAG:254,-5.154107876820501,0.824136061525769,0.8596065215620451,-0.35972528563921863
Ruminococcus sp. CAG:17 & Blautia sp. 2789STDY5608880,-2.7241418281033987,-0.07550754708542799,-1.235038919893473,0.49465156572948
Ruminococcus sp. CAG:177,2.3572829251196405,3.0418901660954574,1.412720207535737,-0.5024471114980005
Ruminococcus sp. CAG:330,0.0,0.0,0.0,0.0
Ruminococcus sp. CAG:353 & sp. 2789STDY5834938,0.0,0.0,0.0,0.0
Ruminococcus sp. CAG:382,0.0,-0.7825626564969078,0.0,0.0
Ruminococcus sp. CAG:403,0.0,-6.104091302855739,0.0,0.0
Ruminococcus sp. CAG:60 / Blautia sp. 2789STDY5608836,-5.329178541354864,-1.7420125344202404,-1.3278663939016144,-0.8097600456913022
Ruminococcus sp. JC304,2.431842398603775,1.1407183484371826,-0.1887462259849907,-0.5790161498270291
Ruminococcus sp. Marseille-P328 / Blautia sp. 2789STDY5608844 & sp. 2789STDY5608844,-0.8219681671037337,-0.11040263470557792,-0.6462096858300712,-0.0033906475191721815
Ruminococcus sp. UNK.MGS-30,0.0,2.960598212833577,0.8887946027036349,-4.039816429585944
Ruminococcus torques,1.3699112131743123,0.5196853884949002,0.8310582735604248,1.4771722850467175
Ruthenibacterium lactatiformans,2.0481133290186055,0.09786376988831931,4.662384746740936,0.9867139345066545
Sellimonas intestinalis == Drancourtella massiliensis,0.0,0.0,0.0,0.0
Senegalimassilia anaerobia,0.19613300882452428,0.5186121659490128,1.5181671374045271,0.8077079533873758
Slackia exigua,0.0,0.0,0.0,0.0
Slackia piriformis,0.0,0.0,0.0,0.0
Solobacterium moorei,0.0,0.0,0.0,0.0
Streptococcus anginosus,0.0,0.0,0.0,0.0
Streptococcus australis,-2.1589328627586446,0.0,0.0,0.0
Streptococcus gordonii,0.0,0.0,0.0,0.0
Streptococcus infantarius,0.0,0.0,0.0,0.0
Streptococcus infantis,0.0,0.0,0.0,0.0
Streptococcus lutetiensis,0.0,0.0,0.0,0.0
Streptococcus mitis,0.0,0.0,0.0,0.0
Streptococcus mutans,0.0,0.0,0.0,0.0
Streptococcus oralis,0.0,0.0,0.0,0.0
Streptococcus parasanguinis,4.4455294209111464,2.818617959439217,1.8236495516355664,3.0429280133440435
Streptococcus pasteurianus,0.0,0.0,0.0,0.0
Streptococcus salivarius,2.034085281594755,1.7184536436969842,-0.7552728835358241,-0.48482028956769696
Streptococcus sanguinis,0.0,0.0,0.0,0.0
Streptococcus sp. I-P16,0.0,0.0,0.0,0.0
Streptococcus thermophilus,-0.8051168800541741,-1.2235351572851483,-0.3466672253651594,0.011029387281261386
Streptococcus vestibularis,0.27999304455655444,0.5513027476520305,-0.7335458467219587,0.0
Subdoligranulum sp. CAG:314,0.0,0.0,-4.306813506463192,-2.8114247897112032
Succinatimonas hippei,0.0,0.0,0.0,0.0
Succinatimonas sp. CAG:777,0.0,0.0,0.0,0.0
Sutterella wadsworthensis 1,2.065571729010536,2.1766602949637863,1.9469887893190165,-0.36723281816429804
Sutterella wadsworthensis 2,-1.7449167400771735,0.8557396238604147,1.095266247690869,2.077961854631627
Turicibacter sanguinis 1,0.4637816729576158,0.5751817093366338,2.4297362554887636,2.2357844292891658
Turicibacter sanguinis 2,-0.6926050774669714,-2.3210297417641534,-0.48695465914699776,-2.732845025917585
Tyzzerella nexilis,0.0,0.0,0.0,0.0
Veillonella atypica,4.337808630487505,4.759779333862599,2.3039363956275323,3.7256707300525664
Veillonella dispar,5.208637784988996,4.754333938152629,2.279269563292073,4.2284748115711634
Veillonella parvula,4.697718523767227,3.4876534348867896,3.683688889336968,5.629514228557244
Veillonella sp. oral taxon 158,0.0,0.0,-0.9874985833961769,-1.0000630799115213
Veillonella tobetsuensis,0.0,0.0,0.0,0.0
Weissella cibaria,0.0,0.0,0.0,0.0
[Staphylococcus] sp. CAG:324,0.0,0.0,0.0,0.0
bacterium LF-3 / Coprobacillus sp. CAG:235,0.6321699908712515,0.3282935359485219,0.6395538219340461,-0.20981187839253343
bacterium OL-1,0.0,1.2127359736798637,0.8797681053698347,0.08390467634111255
butyrate-producing bacterium SS3/4 - Clostridium sp. CAG:81,-1.3214095287695602,-0.35023766595871125,-0.7987243235250311,-0.33769954605771463
unclassified,-3.451036448679692,-1.180510045555656,-0.9767051853907657,-0.5658320873970739
unclassified Actinobacteria,-6.0160768896196855,-3.7207003955805504,0.0,0.0
unclassified Alistipes,-3.2190645263522915,-2.3597938099318574,-2.2138900431924844,-1.7524798565478945
unclassified Bacteroidales,-3.8932525696708464,-1.029685179108391,-0.3671444558044449,-2.3200781048051304
unclassified Bacteroides,-3.211812724857898,0.9162615199331342,-1.0637919685671837,-1.8605283447712793
unclassified Bilophila,-0.11370506946965576,-0.3243177178358424,-0.31642985890737274,-1.6164041171978774
unclassified Blautia,-1.0955086273247159,-1.401440262345525,-2.909882050005613,-1.2562487602009567
unclassified Burkholderiales,0.0,-2.9170393027293744,-4.975121151009002,-4.042219496235412
unclassified Butyricicoccus,0.0,0.0,0.0,0.0
unclassified Butyricimonas,0.0,0.0,0.0,0.0
unclassified Cloacibacillus,0.0,0.0,0.0,0.0
unclassified Clostridia,0.0,0.0,0.0,0.0
unclassified Clostridiaceae,0.0,0.0,0.0,0.0
unclassified Clostridiales,-0.016798910093958192,-0.5769162204549232,-0.49725874498877726,-0.6293924609968603
unclassified Clostridium,-0.665386982835917,0.24167092897973286,0.49624126846418953,0.7318779227437611
unclassified Collinsella,-3.7986607474576553,-0.8237471665188353,-2.3330203609516147,-3.8355880707835373
unclassified Coprococcus,-1.380707263262797,0.8059148285225803,0.27911255243402067,0.09648989850943909
unclassified Desulfovibrionales,0.0,0.0,0.0,0.0
unclassified Eggerthella,0.0,0.11823280948075564,-1.2325764547219547,-1.0695584729953733
unclassified Eggerthellaceae,-0.29512304972578124,0.35592934670544424,0.8097827084236742,0.17215406182704643
unclassified Erysipelatoclostridium,0.0,0.0,0.0,0.0
unclassified Erysipelotrichaceae,-3.1673918441168216,-4.240961295628044,0.17890895343772764,0.0
unclassified Eubacterium,0.7565994229440827,0.9540806553976379,-0.5903315991669558,1.3752696828513995
unclassified Faecalibacterium,-1.363140228922167,-0.3357671025565705,-2.796471515113304,-1.2887099134199473
unclassified Faecalitalea,0.0,0.0,0.0,0.0
unclassified Firmicutes,0.9337060910871108,-1.0838435979804082,-1.283480677025022,-1.0157242671957223
unclassified Flavonifractor,0.19977864504125498,-0.580450843790863,-2.7291423343998082,-1.9456863397983752
unclassified Gemmiger,-0.9032366839433746,0.15336817715337228,-1.1484591631298935,-0.10378917258842477
unclassified Gordonibacter,-4.204599356231925,-0.5676268393286688,-1.2853072276795876,-1.8658863282620208
unclassified Intestinibacter,0.0,-0.352643100256937,-2.0090024393556285,-2.817676466681437
unclassified Intestinimonas,0.0,0.0,0.0,0.0
unclassified Lachnoclostridium,1.3809385955859437,-0.5115830243938335,0.3414782993713607,-0.9472370241605234
unclassified Lachnospiraceae,-0.23785248768917666,-0.5903608399653073,-0.6727519027222045,-1.1271844610520174
unclassified Lactobacillus,0.0,0.0,0.0,0.0
unclassified Libanicoccus,0.0,0.0,0.0,0.0
unclassified Marvinbryantia,0.0,0.0,0.0,0.0
unclassified Niameybacter,0.0,0.0,0.0,0.0
unclassified Odoribacteraceae,0.0,0.0,0.0,0.0
unclassified Olsenella,0.0,0.0,0.0,0.0
unclassified Oscillibacter,-0.49301205944281756,-0.6977262865029972,-0.678004498440877,-0.6603986471694974
unclassified Parabacteroides,0.0,0.0,-3.7433731806126107,3.8133949427257154
unclassified Paraprevotella,0.0,0.0,0.0,0.0
unclassified Porphyromonas,0.0,0.0,0.0,0.0
unclassified Prevotella,-0.255174394690809,1.6893374551387956,-3.8087806094239243,0.42281973171406934
unclassified Prevotellaceae,0.0,2.9710959530306313,-1.286307579976518,-0.14143771783275688
unclassified Proteobacteria,0.0,0.0,0.0,0.0
unclassified Rhodospirillales,0.0,0.0,0.0,0.0
unclassified Roseburia,-0.9175472301510533,-2.64133841821256,-0.553216548129902,-0.5839885254982919
unclassified Ruminiclostridium,0.0,0.0,0.0,0.0
unclassified Ruminococcaceae,-0.2925333074325119,-0.5088698921314998,-1.5000068403041018,-1.563388984865241
unclassified Ruminococcus,0.0,-0.869813832766012,0.0,-4.483666869393184
unclassified Sutterella,0.0,0.0,0.0,0.0
unclassified Verrucomicrobia,0.0,0.0,0.0,0.0
